Workbook

Sheet 기둥세트단가
A1: 파렛트랙 기둥(포스트) 세트 단가표
A2: ※ 구성: 기둥 2개 + 수평/경사 브레싱 일체 + 베이스플레이트 2개 + 앙카볼트 4개 (완제품 1판 기준)
A3: ※ 노란색 셀에 높이 및 깊이별 세트 단가(원)를 입력하세요.
A5: 높이(H) \ 깊이(D) | B5: 900D (원) | C5: 1000D [기본] (원) | D5: 1100D (원) | E5: 1200D (원) | F5: 1300D (원)
A6: 1,500 H
A7: 2,000 H
A8: 2,500 H
A9: 3,000 H
A10: 3,500 H
A11: 4,000 H
A12: 4,500 H
A13: 5,000 H
A14: 5,500 H
A15: 6,000 H
A16: 6,500 H
A17: 7,000 H

Sheet 로드빔세트단가
A1: 파렛트랙 로드빔 세트 단가표 (순수 로드빔 기준)
A2: ※ 구성: 로드빔 2가닥(앞/뒤 1단용) + 안전핀 4개 일체 (타이빔 미포함 순수 로드빔 세트가)
A3: ※ 노란색 셀에 로드빔 규격별 순수 세트 단가(원)만 18칸 입력하세요. (최종 견적 시 타이빔 단가가 자동 합산됩니다)
A5: 연번 | B5: 로드빔 길이(L) | C5: 바 규격 | D5: 기본 장착 타이빔수 | E5: 순수 로드빔 세트단가 (원) | F5: 비고 (용도)
A6: 1 | B6: 1,385 mm | C6: 100바 | D6: 2 EA | F6: 1파렛트 적재용 (소형랙)
A7: 2 | B7: 1,385 mm | C7: 125바 | D7: 2 EA | F7: 1파렛트 적재용 (소형랙)
A8: 3 | B8: 1,385 mm | C8: 150바 | D8: 2 EA | F8: 1파렛트 적재용 (소형랙)
A9: 4 | B9: 1,485 mm | C9: 100바 | D9: 2 EA | F9: 1파렛트 적재용 (소형랙)
A10: 5 | B10: 1,485 mm | C10: 125바 | D10: 2 EA | F10: 1파렛트 적재용 (소형랙)
A11: 6 | B11: 1,485 mm | C11: 150바 | D11: 2 EA | F11: 1파렛트 적재용 (소형랙)
A12: 7 | B12: 1,585 mm | C12: 100바 | D12: 2 EA | F12: 1파렛트 적재용 (소형랙)
A13: 8 | B13: 1,585 mm | C13: 125바 | D13: 2 EA | F13: 1파렛트 적재용 (소형랙)
A14: 9 | B14: 1,585 mm | C14: 150바 | D14: 2 EA | F14: 1파렛트 적재용 (소형랙)
A15: 10 | B15: 2,585 mm | C15: 100바 | D15: 4 EA | F15: 2파렛트 적재용 (표준랙)
A16: 11 | B16: 2,585 mm | C16: 125바 | D16: 4 EA | F16: 2파렛트 적재용 (표준랙)
A17: 12 | B17: 2,585 mm | C17: 150바 | D17: 4 EA | F17: 2파렛트 적재용 (표준랙)
... A23: 18 | B23: 2,985 mm | C23: 150바 | D23: 4 EA | F23: 2파렛트 적재용 (표준랙)

Sheet 타이빔단가
A1: 파렛트랙 타이빔 개당 단가표
A2: ※ 세트 견적 계산 시 로드빔에 합산되며, 단품 추가 주문 시에도 공용 사용되는 핵심 기준 단가입니다.
A3: ※ 노란색 셀에 깊이 규격별 타이빔 1개당 단가(원)를 5칸 입력하세요.
A5: 연번 | B5: 적용 프레임 깊이(D) | C5: 타이빔 규격(길이) | D5: 단위 | E5: 개당 단가 (원) | F5: 비고
A6: 1 | B6: 900D | C6: 900 mm용 | D6: 1 EA | F6: 협폭용 규격
A7: 2 | B7: 1000D | C7: 1000 mm용 | D7: 1 EA | F7: 국내 표준 규격 (T-11형 파렛트용)
A8: 3 | B8: 1100D | C8: 1100 mm용 | D8: 1 EA | F8: 광폭/대형 파렛트용
A9: 4 | B9: 1200D | C9: 1200 mm용 | D9: 1 EA | F9: 광폭/대형 파렛트용
A10: 5 | B10: 1300D | C10: 1300 mm용 | D10: 1 EA | F10: 광폭/대형 파렛트용

Sheet 자동계산_세트단가_미리보기
A1: [자동 계산] 로드빔 1단 완제품 세트단가 시뮬레이션
A2: ※ 수식: 순수로드빔단가 + (타이빔단가 × 기본타이빔수) | 앞의 '로드빔세트단가'와 '타이빔단가' 시트의 값을 참조하여 자동 계산됩니다.
A4: 로드빔 길이(L) | B4: 바 규격 | C4: 타이빔수 | D4: 900D 세트가 | E4: 1000D 세트가 (기본) | F4: 1100D 세트가 | G4: 1200D 세트가 | H4: 1300D 세트가
A5: 1,385 mm | B5: 100바 | C5: 2 EA | D5: =IF(로드빔세트단가!E6="","", 로드빔세트단가!E6 + (2 * 타이빔단가!E6)) | E5: =IF(로드빔세트단가!E6="","", 로드빔세트단가!E6 + (2 * 타이빔단가!E7)) | F5: =IF(로드빔세트단가!E6="","", 로드빔세트단가!E6 + (2 * 타이빔단가!E8)) | G5: =IF(로드빔세트단가!E6="","", 로드빔세트단가!E6 + (2 * 타이빔단가!E9)) | H5: =IF(로드빔세트단가!E6="","", 로드빔세트단가!E6 + (2 * 타이빔단가!E10))
A6: 1,385 mm | B6: 125바 | C6: 2 EA | D6: =IF(로드빔세트단가!E7="","", 로드빔세트단가!E7 + (2 * 타이빔단가!E6)) | E6: =IF(로드빔세트단가!E7="","", 로드빔세트단가!E7 + (2 * 타이빔단가!E7)) | F6: =IF(로드빔세트단가!E7="","", 로드빔세트단가!E7 + (2 * 타이빔단가!E8)) | G6: =IF(로드빔세트단가!E7="","", 로드빔세트단가!E7 + (2 * 타이빔단가!E9)) | H6: =IF(로드빔세트단가!E7="","", 로드빔세트단가!E7 + (2 * 타이빔단가!E10))
A7: 1,385 mm | B7: 150바 | C7: 2 EA | D7: =IF(로드빔세트단가!E8="","", 로드빔세트단가!E8 + (2 * 타이빔단가!E6)) | E7: =IF(로드빔세트단가!E8="","", 로드빔세트단가!E8 + (2 * 타이빔단가!E7)) | F7: =IF(로드빔세트단가!E8="","", 로드빔세트단가!E8 + (2 * 타이빔단가!E8)) | G7: =IF(로드빔세트단가!E8="","", 로드빔세트단가!E8 + (2 * 타이빔단가!E9)) | H7: =IF(로드빔세트단가!E8="","", 로드빔세트단가!E8 + (2 * 타이빔단가!E10))
A8: 1,485 mm | B8: 100바 | C8: 2 EA | D8: =IF(로드빔세트단가!E9="","", 로드빔세트단가!E9 + (2 * 타이빔단가!E6)) | E8: =IF(로드빔세트단가!E9="","", 로드빔세트단가!E9 + (2 * 타이빔단가!E7)) | F8: =IF(로드빔세트단가!E9="","", 로드빔세트단가!E9 + (2 * 타이빔단가!E8)) | G8: =IF(로드빔세트단가!E9="","", 로드빔세트단가!E9 + (2 * 타이빔단가!E9)) | H8: =IF(로드빔세트단가!E9="","", 로드빔세트단가!E9 + (2 * 타이빔단가!E10))
A9: 1,485 mm | B9: 125바 | C9: 2 EA | D9: =IF(로드빔세트단가!E10="","", 로드빔세트단가!E10 + (2 * 타이빔단가!E6)) | E9: =IF(로드빔세트단가!E10="","", 로드빔세트단가!E10 + (2 * 타이빔단가!E7)) | F9: =IF(로드빔세트단가!E10="","", 로드빔세트단가!E10 + (2 * 타이빔단가!E8)) | G9: =IF(로드빔세트단가!E10="","", 로드빔세트단가!E10 + (2 * 타이빔단가!E9)) | H9: =IF(로드빔세트단가!E10="","", 로드빔세트단가!E10 + (2 * 타이빔단가!E10))
A10: 1,485 mm | B10: 150바 | C10: 2 EA | D10: =IF(로드빔세트단가!E11="","", 로드빔세트단가!E11 + (2 * 타이빔단가!E6)) | E10: =IF(로드빔세트단가!E11="","", 로드빔세트단가!E11 + (2 * 타이빔단가!E7)) | F10: =IF(로드빔세트단가!E11="","", 로드빔세트단가!E11 + (2 * 타이빔단가!E8)) | G10: =IF(로드빔세트단가!E11="","", 로드빔세트단가!E11 + (2 * 타이빔단가!E9)) | H10: =IF(로드빔세트단가!E11="","", 로드빔세트단가!E11 + (2 * 타이빔단가!E10))
A11: 1,585 mm | B11: 100바 | C11: 2 EA | D11: =IF(로드빔세트단가!E12="","", 로드빔세트단가!E12 + (2 * 타이빔단가!E6)) | E11: =IF(로드빔세트단가!E12="","", 로드빔세트단가!E12 + (2 * 타이빔단가!E7)) | F11: =IF(로드빔세트단가!E12="","", 로드빔세트단가!E12 + (2 * 타이빔단가!E8)) | G11: =IF(로드빔세트단가!E12="","", 로드빔세트단가!E12 + (2 * 타이빔단가!E9)) | H11: =IF(로드빔세트단가!E12="","", 로드빔세트단가!E12 + (2 * 타이빔단가!E10))
A12: 1,585 mm | B12: 125바 | C12: 2 EA | D12: =IF(로드빔세트단가!E13="","", 로드빔세트단가!E13 + (2 * 타이빔단가!E6)) | E12: =IF(로드빔세트단가!E13="","", 로드빔세트단가!E13 + (2 * 타이빔단가!E7)) | F12: =IF(로드빔세트단가!E13="","", 로드빔세트단가!E13 + (2 * 타이빔단가!E8)) | G12: =IF(로드빔세트단가!E13="","", 로드빔세트단가!E13 + (2 * 타이빔단가!E9)) | H12: =IF(로드빔세트단가!E13="","", 로드빔세트단가!E13 + (2 * 타이빔단가!E10))
A13: 1,585 mm | B13: 150바 | C13: 2 EA | D13: =IF(로드빔세트단가!E14="","", 로드빔세트단가!E14 + (2 * 타이빔단가!E6)) | E13: =IF(로드빔세트단가!E14="","", 로드빔세트단가!E14 + (2 * 타이빔단가!E7)) | F13: =IF(로드빔세트단가!E14="","", 로드빔세트단가!E14 + (2 * 타이빔단가!E8)) | G13: =IF(로드빔세트단가!E14="","", 로드빔세트단가!E14 + (2 * 타이빔단가!E9)) | H13: =IF(로드빔세트단가!E14="","", 로드빔세트단가!E14 + (2 * 타이빔단가!E10))
A14: 2,585 mm | B14: 100바 | C14: 4 EA | D14: =IF(로드빔세트단가!E15="","", 로드빔세트단가!E15 + (4 * 타이빔단가!E6)) | E14: =IF(로드빔세트단가!E15="","", 로드빔세트단가!E15 + (4 * 타이빔단가!E7)) | F14: =IF(로드빔세트단가!E15="","", 로드빔세트단가!E15 + (4 * 타이빔단가!E8)) | G14: =IF(로드빔세트단가!E15="","", 로드빔세트단가!E15 + (4 * 타이빔단가!E9)) | H14: =IF(로드빔세트단가!E15="","", 로드빔세트단가!E15 + (4 * 타이빔단가!E10))
A15: 2,585 mm | B15: 125바 | C15: 4 EA | D15: =IF(로드빔세트단가!E16="","", 로드빔세트단가!E16 + (4 * 타이빔단가!E6)) | E15: =IF(로드빔세트단가!E16="","", 로드빔세트단가!E16 + (4 * 타이빔단가!E7)) | F15: =IF(로드빔세트단가!E16="","", 로드빔세트단가!E16 + (4 * 타이빔단가!E8)) | G15: =IF(로드빔세트단가!E16="","", 로드빔세트단가!E16 + (4 * 타이빔단가!E9)) | H15: =IF(로드빔세트단가!E16="","", 로드빔세트단가!E16 + (4 * 타이빔단가!E10))
A16: 2,585 mm | B16: 150바 | C16: 4 EA | D16: =IF(로드빔세트단가!E17="","", 로드빔세트단가!E17 + (4 * 타이빔단가!E6)) | E16: =IF(로드빔세트단가!E17="","", 로드빔세트단가!E17 + (4 * 타이빔단가!E7)) | F16: =IF(로드빔세트단가!E17="","", 로드빔세트단가!E17 + (4 * 타이빔단가!E8)) | G16: =IF(로드빔세트단가!E17="","", 로드빔세트단가!E17 + (4 * 타이빔단가!E9)) | H16: =IF(로드빔세트단가!E17="","", 로드빔세트단가!E17 + (4 * 타이빔단가!E10))
A17: 2,785 mm | B17: 100바 | C17: 4 EA | D17: =IF(로드빔세트단가!E18="","", 로드빔세트단가!E18 + (4 * 타이빔단가!E6)) | E17: =IF(로드빔세트단가!E18="","", 로드빔세트단가!E18 + (4 * 타이빔단가!E7)) | F17: =IF(로드빔세트단가!E18="","", 로드빔세트단가!E18 + (4 * 타이빔단가!E8)) | G17: =IF(로드빔세트단가!E18="","", 로드빔세트단가!E18 + (4 * 타이빔단가!E9)) | H17: =IF(로드빔세트단가!E18="","", 로드빔세트단가!E18 + (4 * 타이빔단가!E10))
A18: 2,785 mm | B18: 125바 | C18: 4 EA | D18: =IF(로드빔세트단가!E19="","", 로드빔세트단가!E19 + (4 * 타이빔단가!E6)) | E18: =IF(로드빔세트단가!E19="","", 로드빔세트단가!E19 + (4 * 타이빔단가!E7)) | F18: =IF(로드빔세트단가!E19="","", 로드빔세트단가!E19 + (4 * 타이빔단가!E8)) | G18: =IF(로드빔세트단가!E19="","", 로드빔세트단가!E19 + (4 * 타이빔단가!E9)) | H18: =IF(로드빔세트단가!E19="","", 로드빔세트단가!E19 + (4 * 타이빔단가!E10))
A19: 2,785 mm | B19: 150바 | C19: 4 EA | D19: =IF(로드빔세트단가!E20="","", 로드빔세트단가!E20 + (4 * 타이빔단가!E6)) | E19: =IF(로드빔세트단가!E20="","", 로드빔세트단가!E20 + (4 * 타이빔단가!E7)) | F19: =IF(로드빔세트단가!E20="","", 로드빔세트단가!E20 + (4 * 타이빔단가!E8)) | G19: =IF(로드빔세트단가!E20="","", 로드빔세트단가!E20 + (4 * 타이빔단가!E9)) | H19: =IF(로드빔세트단가!E20="","", 로드빔세트단가!E20 + (4 * 타이빔단가!E10))
A20: 2,985 mm | B20: 100바 | C20: 4 EA | D20: =IF(로드빔세트단가!E21="","", 로드빔세트단가!E21 + (4 * 타이빔단가!E6)) | E20: =IF(로드빔세트단가!E21="","", 로드빔세트단가!E21 + (4 * 타이빔단가!E7)) | F20: =IF(로드빔세트단가!E21="","", 로드빔세트단가!E21 + (4 * 타이빔단가!E8)) | G20: =IF(로드빔세트단가!E21="","", 로드빔세트단가!E21 + (4 * 타이빔단가!E9)) | H20: =IF(로드빔세트단가!E21="","", 로드빔세트단가!E21 + (4 * 타이빔단가!E10))
A21: 2,985 mm | B21: 125바 | C21: 4 EA | D21: =IF(로드빔세트단가!E22="","", 로드빔세트단가!E22 + (4 * 타이빔단가!E6)) | E21: =IF(로드빔세트단가!E22="","", 로드빔세트단가!E22 + (4 * 타이빔단가!E7)) | F21: =IF(로드빔세트단가!E22="","", 로드빔세트단가!E22 + (4 * 타이빔단가!E8)) | G21: =IF(로드빔세트단가!E22="","", 로드빔세트단가!E22 + (4 * 타이빔단가!E9)) | H21: =IF(로드빔세트단가!E22="","", 로드빔세트단가!E22 + (4 * 타이빔단가!E10))
A22: 2,985 mm | B22: 150바 | C22: 4 EA | D22: =IF(로드빔세트단가!E23="","", 로드빔세트단가!E23 + (4 * 타이빔단가!E6)) | E22: =IF(로드빔세트단가!E23="","", 로드빔세트단가!E23 + (4 * 타이빔단가!E7)) | F22: =IF(로드빔세트단가!E23="","", 로드빔세트단가!E23 + (4 * 타이빔단가!E8)) | G22: =IF(로드빔세트단가!E23="","", 로드빔세트단가!E23 + (4 * 타이빔단가!E9)) | H22: =IF(로드빔세트단가!E23="","", 로드빔세트단가!E23 + (4 * 타이빔단가!E10))
